Date_String,MSCI,Date,SP500,Year
"Friday, Apr 28, 1995",180.889,1995-04-28 00:00:00,514.71,04-1995
"Friday, Apr 28, 2000",783.384,2000-04-28 00:00:00,1452.43,04-2000
"Friday, Apr 28, 2006",882.509,2006-04-28 00:00:00,1310.61,04-2006
"Friday, Apr 28, 2017","1,841.611",2017-04-28 00:00:00,2384.2,04-2017
"Friday, Apr 29, 1994",158.685,1994-04-29 00:00:00,450.91,04-1994
"Friday, Apr 29, 2005",700.943,2005-04-29 00:00:00,1156.85,04-2005
"Friday, Apr 29, 2011",929.258,2011-04-29 00:00:00,1363.61,04-2011
"Friday, Apr 29, 2016","1,578.601",2016-04-29 00:00:00,2065.3,04-2016
"Friday, Apr 30, 1993",139.781,1993-04-30 00:00:00,440.19,04-1993
"Friday, Apr 30, 1999",606.015,1999-04-30 00:00:00,1335.18,04-1999
"Friday, Apr 30, 2004",608.376,2004-04-30 00:00:00,1107.3,04-2004
"Friday, Apr 30, 2010",762.065,2010-04-30 00:00:00,1186.69,04-2010
"Friday, Aug 29, 1997",354.438,1997-08-29 00:00:00,899.47,08-1997
"Friday, Aug 29, 2003",569.590,2003-08-29 00:00:00,1008.01,08-2003
"Friday, Aug 29, 2008",932.190,2008-08-29 00:00:00,1282.83,08-2008
"Friday, Aug 29, 2014","1,422.402",2014-08-29 00:00:00,2003.37,08-2014
"Friday, Aug 30, 1991",118.014,1991-08-30 00:00:00,395.43,08-1991
"Friday, Aug 30, 1996",247.175,1996-08-30 00:00:00,651.99,08-1996
"Friday, Aug 30, 2002",545.365,2002-08-30 00:00:00,916.07,08-2002
"Friday, Aug 30, 2013","1,139.110",2013-08-30 00:00:00,1632.97,08-2013
"Friday, Aug 30, 2019","2,629.459",2019-08-30 00:00:00,2926.46,08-2019
"Friday, Aug 31, 1990",92.368,1990-08-31 00:00:00,322.56,08-1990
"Friday, Aug 31, 2001",574.667,2001-08-31 00:00:00,1133.58,08-2001
"Friday, Aug 31, 2007",960.852,2007-08-31 00:00:00,1473.99,08-2007
"Friday, Aug 31, 2012",993.494,2012-08-31 00:00:00,1406.58,08-2012
"Friday, Aug 31, 2018","2,560.942",2018-08-31 00:00:00,2901.52,08-2018
"Friday, Dec 29, 1995",221.141,1995-12-29 00:00:00,615.93,12-1995
"Friday, Dec 29, 2000",706.714,2000-12-29 00:00:00,1320.28,12-2000
"Friday, Dec 29, 2006",917.722,2006-12-29 00:00:00,1418.3,12-2006
"Friday, Dec 29, 2017","2,239.377",2017-12-29 00:00:00,2673.61,12-2017
"Friday, Dec 30, 1994",158.060,1994-12-30 00:00:00,459.27,12-1994
"Friday, Dec 30, 2005",837.612,2005-12-30 00:00:00,1248.29,12-2005
"Friday, Dec 30, 2011",876.854,2011-12-30 00:00:00,1257.6,12-2011
"Friday, Dec 30, 2016","1,648.765",2016-12-30 00:00:00,2238.83,12-2016
"Friday, Dec 31, 1993",161.514,1993-12-31 00:00:00,466.45,12-1993
"Friday, Dec 31, 1999",785.892,1999-12-31 00:00:00,1469.25,12-1999
"Friday, Dec 31, 2004",712.357,2004-12-31 00:00:00,1211.92,12-2004
"Friday, Dec 31, 2010",842.318,2010-12-31 00:00:00,1257.64,12-2010
"Friday, Feb 26, 1993",140.794,1993-02-26 00:00:00,443.38,02-1993
"Friday, Feb 26, 1999",572.084,1999-02-26 00:00:00,1238.33,02-1999
"Friday, Feb 26, 2010",706.715,2010-02-26 00:00:00,1104.49,02-2010
"Friday, Feb 27, 1998",416.431,1998-02-27 00:00:00,1049.34,02-1998
"Friday, Feb 27, 2004",640.811,2004-02-27 00:00:00,1144.94,02-2004
"Friday, Feb 27, 2009",507.491,2009-02-27 00:00:00,735.09,02-2009
"Friday, Feb 27, 2015","1,546.517",2015-02-27 00:00:00,2104.5,02-2015
"Friday, Feb 28, 1992",123.844,1992-02-28 00:00:00,412.7,02-1992
"Friday, Feb 28, 1997",308.601,1997-02-28 00:00:00,790.82,02-1997
"Friday, Feb 28, 2003",482.339,2003-02-28 00:00:00,841.15,02-2003
"Friday, Feb 28, 2014","1,359.331",2014-02-28 00:00:00,1859.45,02-2014
"Friday, Feb 28, 2020","2,622.738",2020-02-28 00:00:00,2954.22,02-2020
"Friday, Feb 29, 2008",938.316,2008-02-29 00:00:00,1330.63,02-2008
"Friday, Jan 29, 1993",139.086,1993-01-29 00:00:00,438.78,01-1993
"Friday, Jan 29, 1999",587.011,1999-01-29 00:00:00,1279.64,01-1999
"Friday, Jan 29, 2010",675.018,2010-01-29 00:00:00,1073.87,01-2010
"Friday, Jan 29, 2016","1,534.925",2016-01-29 00:00:00,1940.24,01-2016
"Friday, Jan 30, 1998",391.852,1998-01-30 00:00:00,980.28,01-1998
"Friday, Jan 30, 2004",632.822,2004-01-30 00:00:00,1131.13,01-2004
"Friday, Jan 30, 2009",564.843,2009-01-30 00:00:00,825.88,01-2009
"Friday, Jan 30, 2015","1,469.619",2015-01-30 00:00:00,1994.99,01-2015
"Friday, Jan 31, 1992",122.894,1992-01-31 00:00:00,408.78,01-1992
"Friday, Jan 31, 1997",308.236,1997-01-31 00:00:00,786.16,01-1997
"Friday, Jan 31, 2003",487.191,2003-01-31 00:00:00,855.7,01-2003
"Friday, Jan 31, 2014","1,276.271",2014-01-31 00:00:00,1782.59,01-2014
"Friday, Jan 31, 2020","2,835.071",2020-01-31 00:00:00,3225.52,01-2020
"Friday, Jul 29, 1994",159.462,1994-07-29 00:00:00,458.26,07-1994
"Friday, Jul 29, 2005",783.171,2005-07-29 00:00:00,1234.18,07-2005
"Friday, Jul 29, 2011",898.003,2011-07-29 00:00:00,1292.28,07-2011
"Friday, Jul 29, 2016","1,703.623",2016-07-29 00:00:00,2173.6,07-2016
"Friday, Jul 30, 1993",154.288,1993-07-30 00:00:00,448.13,07-1993
"Friday, Jul 30, 1999",614.773,1999-07-30 00:00:00,1328.72,07-1999
"Friday, Jul 30, 2004",609.125,2004-07-30 00:00:00,1101.72,07-2004
"Friday, Jul 30, 2010",721.382,2010-07-30 00:00:00,1101.6,07-2010
"Friday, Jul 31, 1992",122.497,1992-07-31 00:00:00,424.21,07-1992
"Friday, Jul 31, 1998",491.274,1998-07-31 00:00:00,1120.67,07-1998
"Friday, Jul 31, 2009",646.029,2009-07-31 00:00:00,987.48,07-2009
"Friday, Jul 31, 2015","1,612.695",2015-07-31 00:00:00,2103.84,07-2015
"Friday, Jul 31, 2020","3,053.471",2020-07-31 00:00:00,3271.12,07-2020
"Friday, Jun 28, 1991",107.483,1991-06-28 00:00:00,371.16,06-1991
"Friday, Jun 28, 1996",251.403,1996-06-28 00:00:00,670.63,06-1996
"Friday, Jun 28, 2002",575.012,2002-06-28 00:00:00,989.82,06-2002
"Friday, Jun 28, 2013","1,113.682",2013-06-28 00:00:00,1606.28,06-2013
"Friday, Jun 28, 2019","2,581.439",2019-06-28 00:00:00,2941.76,06-2019
"Friday, Jun 29, 1990",100.638,1990-06-29 00:00:00,358.02,06-1990
"Friday, Jun 29, 2001",593.274,2001-06-29 00:00:00,1224.38,06-2001
"Friday, Jun 29, 2007",982.637,2007-06-29 00:00:00,1503.35,06-2007
"Friday, Jun 29, 2012",970.450,2012-06-29 00:00:00,1362.16,06-2012
"Friday, Jun 29, 2018","2,380.572",2018-06-29 00:00:00,2718.37,06-2018
"Friday, Jun 30, 1995",193.942,1995-06-30 00:00:00,544.75,06-1995
"Friday, Jun 30, 2000",778.726,2000-06-30 00:00:00,1454.6,06-2000
"Friday, Jun 30, 2006",852.110,2006-06-30 00:00:00,1270.2,06-2006
"Friday, Jun 30, 2017","1,932.779",2017-06-30 00:00:00,2423.41,06-2017
"Friday, Mar 29, 1996",234.736,1996-03-29 00:00:00,645.5,03-1996
"Friday, Mar 29, 2019","2,441.168",2019-03-29 00:00:00,2834.4,03-2019
"Friday, Mar 30, 1990",89.827,1990-03-30 00:00:00,339.94,03-1990
"Friday, Mar 30, 2001",573.757,2001-03-30 00:00:00,1160.33,03-2001
"Friday, Mar 30, 2007",942.779,2007-03-30 00:00:00,1420.86,03-2007
"Friday, Mar 30, 2012",975.011,2012-03-30 00:00:00,1408.47,03-2012
"Friday, Mar 31, 1995",173.507,1995-03-31 00:00:00,500.71,03-1995
"Friday, Mar 31, 2000",827.092,2000-03-31 00:00:00,1498.58,03-2000
"Friday, Mar 31, 2006",872.334,2006-03-31 00:00:00,1294.87,03-2006
"Friday, Mar 31, 2017","1,797.575",2017-03-31 00:00:00,2362.72,03-2017
"Friday, May 29, 1992",123.204,1992-05-29 00:00:00,415.35,05-1992
"Friday, May 29, 1998",449.822,1998-05-29 00:00:00,1090.82,05-1998
"Friday, May 29, 2009",592.950,2009-05-29 00:00:00,919.14,05-2009
"Friday, May 29, 2015","1,559.596",2015-05-29 00:00:00,2107.39,05-2015
"Friday, May 29, 2020","2,741.859",2020-05-29 00:00:00,3044.31,05-2020
"Friday, May 30, 1997",336.102,1997-05-30 00:00:00,848.28,05-1997
"Friday, May 30, 2003",539.502,2003-05-30 00:00:00,963.59,05-2003
"Friday, May 30, 2008","1,050.986",2008-05-30 00:00:00,1400.38,05-2008
"Friday, May 30, 2014","1,350.423",2014-05-30 00:00:00,1923.57,05-2014
"Friday, May 31, 1991",112.119,1991-05-31 00:00:00,389.83,05-1991
"Friday, May 31, 1996",248.193,1996-05-31 00:00:00,669.12,05-1996
"Friday, May 31, 2002",606.945,2002-05-31 00:00:00,1067.14,05-2002
"Friday, May 31, 2013","1,125.863",2013-05-31 00:00:00,1630.74,05-2013
"Friday, May 31, 2019","2,432.832",2019-05-31 00:00:00,2752.06,05-2019
"Friday, Nov 28, 1997",375.815,1997-11-28 00:00:00,955.4,11-1997
"Friday, Nov 28, 2003",605.274,2003-11-28 00:00:00,1058.2,11-2003
"Friday, Nov 28, 2008",614.669,2008-11-28 00:00:00,896.24,11-2008
"Friday, Nov 28, 2014","1,496.639",2014-11-28 00:00:00,2067.56,11-2014
"Friday, Nov 29, 1991",115.053,1991-11-29 00:00:00,375.22,11-1991
"Friday, Nov 29, 1996",290.403,1996-11-29 00:00:00,757.02,11-1996
"Friday, Nov 29, 2002",507.389,2002-11-29 00:00:00,936.31,11-2002
"Friday, Nov 29, 2013","1,268.741",2013-11-29 00:00:00,1805.81,11-2013
"Friday, Nov 29, 2019","2,692.071",2019-11-29 00:00:00,3140.98,11-2019
"Friday, Nov 30, 1990",94.448,1990-11-30 00:00:00,322.22,11-1990
"Friday, Nov 30, 2001",567.058,2001-11-30 00:00:00,1139.45,11-2001
"Friday, Nov 30, 2007","1,035.747",2007-11-30 00:00:00,1481.14,11-2007
"Friday, Nov 30, 2012","1,000.000",2012-11-30 00:00:00,1416.18,11-2012
"Friday, Nov 30, 2018","2,355.979",2018-11-30 00:00:00,2760.17,11-2018
"Friday, Oct 29, 1993",168.003,1993-10-29 00:00:00,467.83,10-1993
"Friday, Oct 29, 1999",660.109,1999-10-29 00:00:00,1362.93,10-1999
"Friday, Oct 29, 2004",650.237,2004-10-29 00:00:00,1130.2,10-2004
"Friday, Oct 29, 2010",796.444,2010-10-29 00:00:00,1183.26,10-2010
"Friday, Oct 30, 1992",123.602,1992-10-30 00:00:00,418.68,10-1992
"Friday, Oct 30, 1998",472.791,1998-10-30 00:00:00,1098.67,10-1998
"Friday, Oct 30, 2009",657.515,2009-10-30 00:00:00,1036.19,10-2009
"Friday, Oct 30, 2015","1,590.888",2015-10-30 00:00:00,2079.36,10-2015
"Friday, Oct 31, 1997",362.194,1997-10-31 00:00:00,914.62,10-1997
"Friday, Oct 31, 2003",599.686,2003-10-31 00:00:00,1050.71,10-2003
"Friday, Oct 31, 2008",672.706,2008-10-31 00:00:00,968.75,10-2008
"Friday, Oct 31, 2014","1,444.550",2014-10-31 00:00:00,2018.05,10-2014
"Friday, Sep 28, 1990",88.053,1990-09-28 00:00:00,306.05,09-1990
"Friday, Sep 28, 2001",536.792,2001-09-28 00:00:00,1040.94,09-2001
"Friday, Sep 28, 2007","1,027.779",2007-09-28 00:00:00,1526.75,09-2007
"Friday, Sep 28, 2012","1,010.023",2012-09-28 00:00:00,1440.67,09-2012
"Friday, Sep 28, 2018","2,583.605",2018-09-28 00:00:00,2913.98,09-2018
"Friday, Sep 29, 1995",208.182,1995-09-29 00:00:00,584.41,09-1995
"Friday, Sep 29, 2000",749.753,2000-09-29 00:00:00,1436.51,09-2000
"Friday, Sep 29, 2006",832.043,2006-09-29 00:00:00,1335.85,09-2006
"Friday, Sep 29, 2017","2,079.571",2017-09-29 00:00:00,2519.36,09-2017
"Friday, Sep 30, 1994",161.408,1994-09-30 00:00:00,462.71,09-1994
"Friday, Sep 30, 2005",826.228,2005-09-30 00:00:00,1228.81,09-2005
"Friday, Sep 30, 2011",801.317,2011-09-30 00:00:00,1131.42,09-2011
"Friday, Sep 30, 2016","1,681.229",2016-09-30 00:00:00,2168.27,09-2016
"Monday, Apr 30, 1990",88.519,1990-04-30 00:00:00,330.8,04-1990
"Monday, Apr 30, 2001",615.099,2001-04-30 00:00:00,1249.46,04-2001
"Monday, Apr 30, 2007",977.363,2007-04-30 00:00:00,1482.37,04-2007
"Monday, Apr 30, 2012",991.743,2012-04-30 00:00:00,1397.91,04-2012
"Monday, Apr 30, 2018","2,308.653",2018-04-30 00:00:00,2648.05,04-2018
"Monday, Aug 31, 1992",116.286,1992-08-31 00:00:00,414.03,08-1992
"Monday, Aug 31, 1998",413.469,1998-08-31 00:00:00,957.28,08-1998
"Monday, Aug 31, 2009",653.353,2009-08-31 00:00:00,1020.62,08-2009
"Monday, Aug 31, 2015","1,514.925",2015-08-31 00:00:00,1972.18,08-2015
"Monday, Aug 31, 2020","3,345.131",2020-08-31 00:00:00,3500.31,08-2020
"Monday, Dec 31, 1990",95.941,1990-12-31 00:00:00,330.22,12-1990
"Monday, Dec 31, 2001",575.561,2001-12-31 00:00:00,1148.08,12-2001
"Monday, Dec 31, 2007","1,067.422",2007-12-31 00:00:00,1468.36,12-2007
"Monday, Dec 31, 2012",987.686,2012-12-31 00:00:00,1426.19,12-2012
"Monday, Dec 31, 2018","2,172.613",2018-12-31 00:00:00,2506.85,12-2018
"Monday, Feb 28, 1994",168.305,1994-02-28 00:00:00,467.14,02-1994
"Monday, Feb 28, 2005",737.889,2005-02-28 00:00:00,1203.6,02-2005
"Monday, Feb 28, 2011",879.033,2011-02-28 00:00:00,1327.22,02-2011
"Monday, Feb 29, 2016","1,512.672",2016-02-29 00:00:00,1932.23,02-2016
"Monday, Jan 31, 1994",171.350,1994-01-31 00:00:00,481.61,01-1994
"Monday, Jan 31, 2000",731.690,2000-01-31 00:00:00,1394.46,01-2000
"Monday, Jan 31, 2005",697.330,2005-01-31 00:00:00,1181.27,01-2005
"Monday, Jan 31, 2011",846.228,2011-01-31 00:00:00,1286.12,01-2011
"Monday, Jul 31, 1995",200.649,1995-07-31 00:00:00,562.06,07-1995
"Monday, Jul 31, 2000",764.952,2000-07-31 00:00:00,1430.83,07-2000
"Monday, Jul 31, 2006",823.856,2006-07-31 00:00:00,1276.66,07-2006
"Monday, Jul 31, 2017","1,997.534",2017-07-31 00:00:00,2470.3,07-2017
"Monday, Jun 30, 1997",354.255,1997-06-30 00:00:00,885.14,06-1997
"Monday, Jun 30, 2003",547.652,2003-06-30 00:00:00,974.5,06-2003
"Monday, Jun 30, 2008","1,035.900",2008-06-30 00:00:00,1280,06-2008
"Monday, Jun 30, 2014","1,377.030",2014-06-30 00:00:00,1960.23,06-2014
"Monday, Mar 31, 1997",291.437,1997-03-31 00:00:00,757.12,03-1997
"Monday, Mar 31, 2003",486.858,2003-03-31 00:00:00,848.18,03-2003
"Monday, Mar 31, 2008",933.475,2008-03-31 00:00:00,1322.7,03-2008
"Monday, Mar 31, 2014","1,312.596",2014-03-31 00:00:00,1872.34,03-2014
"Monday, Nov 30, 1992",130.185,1992-11-30 00:00:00,431.35,11-1992
"Monday, Nov 30, 1998",511.386,1998-11-30 00:00:00,1163.63,11-1998
"Monday, Nov 30, 2009",701.799,2009-11-30 00:00:00,1095.63,11-2009
"Monday, Nov 30, 2015","1,597.342",2015-11-30 00:00:00,2080.41,11-2015
"Monday, Oct 31, 1994",164.207,1994-10-31 00:00:00,472.35,10-1994
"Monday, Oct 31, 2005",800.745,2005-10-31 00:00:00,1207.01,10-2005
"Monday, Oct 31, 2011",866.538,2011-10-31 00:00:00,1253.3,10-2011
"Monday, Oct 31, 2016","1,646.319",2016-10-31 00:00:00,2126.15,10-2016
"Monday, Sep 30, 1991",114.928,1991-09-30 00:00:00,387.86,09-1991
"Monday, Sep 30, 1996",263.463,1996-09-30 00:00:00,687.33,09-1996
"Monday, Sep 30, 2002",509.239,2002-09-30 00:00:00,815.28,09-2002
"Monday, Sep 30, 2013","1,173.534",2013-09-30 00:00:00,1681.55,09-2013
"Monday, Sep 30, 2019","2,594.482",2019-09-30 00:00:00,2976.74,09-2019
"Thursday, Apr 30, 1992",121.028,1992-04-30 00:00:00,414.95,04-1992
"Thursday, Apr 30, 1998",461.604,1998-04-30 00:00:00,1111.75,04-1998
"Thursday, Apr 30, 2009",568.842,2009-04-30 00:00:00,872.81,04-2009
"Thursday, Apr 30, 2015","1,512.988",2015-04-30 00:00:00,2085.51,04-2015
"Thursday, Apr 30, 2020","2,590.247",2020-04-30 00:00:00,2912.43,04-2020
"Thursday, Aug 31, 1995",199.060,1995-08-31 00:00:00,561.88,08-1995
"Thursday, Aug 31, 2000",826.683,2000-08-31 00:00:00,1517.68,08-2000
"Thursday, Aug 31, 2006",816.661,2006-08-31 00:00:00,1303.82,08-2006
"Thursday, Aug 31, 2017","2,023.604",2017-08-31 00:00:00,2471.65,08-2017
"Thursday, Dec 31, 1992",133.011,1992-12-31 00:00:00,435.71,12-1992
"Thursday, Dec 31, 1998",563.180,1998-12-31 00:00:00,1229.23,12-1998
"Thursday, Dec 31, 2009",721.627,2009-12-31 00:00:00,1115.1,12-2009
"Thursday, Dec 31, 2015","1,594.003",2015-12-31 00:00:00,2043.94,12-2015
"Thursday, Feb 28, 1991",105.714,1991-02-28 00:00:00,367.07,02-1991
"Thursday, Feb 28, 2002",587.150,2002-02-28 00:00:00,1106.73,02-2002
"Thursday, Feb 28, 2013","1,048.184",2013-02-28 00:00:00,1514.68,02-2013
"Thursday, Feb 28, 2019","2,392.807",2019-02-28 00:00:00,2784.49,02-2019
"Thursday, Feb 29, 1996",235.457,1996-02-29 00:00:00,640.43,02-1996
"Thursday, Jan 31, 1991",98.028,1991-01-31 00:00:00,343.93,01-1991
"Thursday, Jan 31, 2002",582.173,2002-01-31 00:00:00,1130.2,01-2002
"Thursday, Jan 31, 2008",943.226,2008-01-31 00:00:00,1378.55,01-2008
"Thursday, Jan 31, 2013","1,028.866",2013-01-31 00:00:00,1498.11,01-2013
"Thursday, Jan 31, 2019","2,314.173",2019-01-31 00:00:00,2704.1,01-2019
"Thursday, Jul 31, 1997",383.832,1997-07-31 00:00:00,954.31,07-1997
"Thursday, Jul 31, 2003",562.042,2003-07-31 00:00:00,990.31,07-2003
"Thursday, Jul 31, 2008",940.685,2008-07-31 00:00:00,1267.38,07-2008
"Thursday, Jul 31, 2014","1,361.705",2014-07-31 00:00:00,1930.67,07-2014
"Thursday, Jun 30, 1994",154.736,1994-06-30 00:00:00,444.27,06-1994
"Thursday, Jun 30, 2005",752.232,2005-06-30 00:00:00,1191.33,06-2005
"Thursday, Jun 30, 2011",916.027,2011-06-30 00:00:00,1320.64,06-2011
"Thursday, Jun 30, 2016","1,660.682",2016-06-30 00:00:00,2098.86,06-2016
"Thursday, Mar 31, 1994",160.475,1994-03-31 00:00:00,445.77,03-1994
"Thursday, Mar 31, 2005",729.712,2005-03-31 00:00:00,1180.59,03-2005
"Thursday, Mar 31, 2011",895.498,2011-03-31 00:00:00,1325.83,03-2011
"Thursday, Mar 31, 2016","1,589.738",2016-03-31 00:00:00,2059.74,03-2016
"Thursday, May 31, 1990",98.439,1990-05-31 00:00:00,361.23,05-1990
"Thursday, May 31, 2001",614.853,2001-05-31 00:00:00,1255.82,05-2001
"Thursday, May 31, 2007","1,011.654",2007-05-31 00:00:00,1530.62,05-2007
"Thursday, May 31, 2012",943.067,2012-05-31 00:00:00,1310.33,05-2012
"Thursday, May 31, 2018","2,384.998",2018-05-31 00:00:00,2705.27,05-2018
"Thursday, Nov 30, 1995",219.585,1995-11-30 00:00:00,605.37,11-1995
"Thursday, Nov 30, 2000",685.344,2000-11-30 00:00:00,1314.95,11-2000
"Thursday, Nov 30, 2006",906.839,2006-11-30 00:00:00,1400.63,11-2006
"Thursday, Nov 30, 2017","2,238.100",2017-11-30 00:00:00,2647.58,11-2017
"Thursday, Oct 31, 1991",118.887,1991-10-31 00:00:00,392.45,10-1991
"Thursday, Oct 31, 1996",271.427,1996-10-31 00:00:00,705.27,10-1996
"Thursday, Oct 31, 2002",514.231,2002-10-31 00:00:00,885.76,10-2002
"Thursday, Oct 31, 2013","1,233.409",2013-10-31 00:00:00,1756.54,10-2013
"Thursday, Oct 31, 2019","2,607.709",2019-10-31 00:00:00,3037.56,10-2019
"Thursday, Sep 30, 1993",167.421,1993-09-30 00:00:00,458.93,09-1993
"Thursday, Sep 30, 1999",609.853,1999-09-30 00:00:00,1282.71,09-1999
"Thursday, Sep 30, 2004",645.558,2004-09-30 00:00:00,1114.58,09-2004
"Thursday, Sep 30, 2010",759.338,2010-09-30 00:00:00,1141.2,09-2010
"Tuesday, Apr 30, 1991",109.856,1991-04-30 00:00:00,375.34,04-1991
"Tuesday, Apr 30, 1996",238.797,1996-04-30 00:00:00,654.17,04-1996
"Tuesday, Apr 30, 2002",606.791,2002-04-30 00:00:00,1076.92,04-2002
"Tuesday, Apr 30, 2013","1,129.416",2013-04-30 00:00:00,1597.57,04-2013
"Tuesday, Apr 30, 2019","2,494.335",2019-04-30 00:00:00,2945.83,04-2019
"Tuesday, Aug 31, 1993",163.580,1993-08-31 00:00:00,463.56,08-1993
"Tuesday, Aug 31, 1999",611.694,1999-08-31 00:00:00,1320.41,08-1999
"Tuesday, Aug 31, 2004",613.015,2004-08-31 00:00:00,1104.24,08-2004
"Tuesday, Aug 31, 2010",688.464,2010-08-31 00:00:00,1049.33,08-2010
"Tuesday, Dec 31, 1991",130.508,1991-12-31 00:00:00,417.09,12-1991
"Tuesday, Dec 31, 1996",282.675,1996-12-31 00:00:00,740.74,12-1996
"Tuesday, Dec 31, 2002",496.527,2002-12-31 00:00:00,879.82,12-2002
"Tuesday, Dec 31, 2013","1,305.829",2013-12-31 00:00:00,1848.36,12-2013
"Tuesday, Dec 31, 2019","2,737.364",2019-12-31 00:00:00,3230.78,12-2019
"Tuesday, Feb 28, 1995",166.192,1995-02-28 00:00:00,487.39,02-1995
"Tuesday, Feb 28, 2006",858.067,2006-02-28 00:00:00,1280.66,02-2006
"Tuesday, Feb 28, 2017","1,762.324",2017-02-28 00:00:00,2363.64,02-2017
"Tuesday, Feb 29, 2000",757.060,2000-02-29 00:00:00,1366.42,02-2000
"Tuesday, Jan 31, 1995",159.890,1995-01-31 00:00:00,470.42,01-1995
"Tuesday, Jan 31, 2006",892.301,2006-01-31 00:00:00,1280.08,01-2006
"Tuesday, Jan 31, 2012",893.218,2012-01-31 00:00:00,1312.41,01-2012
"Tuesday, Jan 31, 2017","1,702.183",2017-01-31 00:00:00,2278.87,01-2017
"Tuesday, Jul 31, 1990",101.088,1990-07-31 00:00:00,356.15,07-1990
"Tuesday, Jul 31, 2001",591.487,2001-07-31 00:00:00,1211.23,07-2001
"Tuesday, Jul 31, 2007",949.838,2007-07-31 00:00:00,1455.27,07-2007
"Tuesday, Jul 31, 2012",982.587,2012-07-31 00:00:00,1379.32,07-2012
"Tuesday, Jul 31, 2018","2,422.474",2018-07-31 00:00:00,2816.29,07-2018
"Tuesday, Jun 30, 1992",119.421,1992-06-30 00:00:00,408.14,06-1992
"Tuesday, Jun 30, 1998",484.033,1998-06-30 00:00:00,1133.84,06-1998
"Tuesday, Jun 30, 2009",606.499,2009-06-30 00:00:00,919.32,06-2009
"Tuesday, Jun 30, 2015","1,553.708",2015-06-30 00:00:00,2063.11,06-2015
"Tuesday, Jun 30, 2020","2,859.188",2020-06-30 00:00:00,3100.29,06-2020
"Tuesday, Mar 31, 1992",119.799,1992-03-31 00:00:00,403.69,03-1992
"Tuesday, Mar 31, 1998",443.778,1998-03-31 00:00:00,1101.75,03-1998
"Tuesday, Mar 31, 2009",538.868,2009-03-31 00:00:00,797.87,03-2009
"Tuesday, Mar 31, 2015","1,526.759",2015-03-31 00:00:00,2067.89,03-2015
"Tuesday, Mar 31, 2020","2,320.457",2020-03-31 00:00:00,2584.59,03-2020
"Tuesday, May 31, 1994",161.322,1994-05-31 00:00:00,456.5,05-1994
"Tuesday, May 31, 2005",726.557,2005-05-31 00:00:00,1191.5,05-2005
"Tuesday, May 31, 2011",923.491,2011-05-31 00:00:00,1345.2,05-2011
"Tuesday, May 31, 2016","1,615.523",2016-05-31 00:00:00,2096.95,05-2016
"Tuesday, Nov 30, 1993",161.236,1993-11-30 00:00:00,461.79,11-1993
"Tuesday, Nov 30, 1999",687.000,1999-11-30 00:00:00,1388.91,11-1999
"Tuesday, Nov 30, 2004",699.598,2004-11-30 00:00:00,1173.82,11-2004
"Tuesday, Nov 30, 2010",809.737,2010-11-30 00:00:00,1180.55,11-2010
"Tuesday, Oct 31, 1995",213.918,1995-10-31 00:00:00,581.5,10-1995
"Tuesday, Oct 31, 2000",715.762,2000-10-31 00:00:00,1429.4,10-2000
"Tuesday, Oct 31, 2006",871.790,2006-10-31 00:00:00,1377.94,10-2006
"Tuesday, Oct 31, 2017","2,181.499",2017-10-31 00:00:00,2575.26,10-2017
"Tuesday, Sep 30, 1997",373.482,1997-09-30 00:00:00,947.28,09-1997
"Tuesday, Sep 30, 2003",564.718,2003-09-30 00:00:00,995.97,09-2003
"Tuesday, Sep 30, 2008",786.916,2008-09-30 00:00:00,1166.36,09-2008
"Tuesday, Sep 30, 2014","1,412.294",2014-09-30 00:00:00,1972.29,09-2014
"Wednesday, Apr 30, 1997",320.225,1997-04-30 00:00:00,801.34,04-1997
"Wednesday, Apr 30, 2003",516.031,2003-04-30 00:00:00,916.92,04-2003
"Wednesday, Apr 30, 2008","1,011.161",2008-04-30 00:00:00,1385.59,04-2008
"Wednesday, Apr 30, 2014","1,300.475",2014-04-30 00:00:00,1883.95,04-2014
"Wednesday, Aug 31, 1994",166.509,1994-08-31 00:00:00,475.49,08-1994
"Wednesday, Aug 31, 2005",795.243,2005-08-31 00:00:00,1220.33,08-2005
"Wednesday, Aug 31, 2011",845.220,2011-08-31 00:00:00,1218.89,08-2011
"Wednesday, Aug 31, 2016","1,675.766",2016-08-31 00:00:00,2170.95,08-2016
"Wednesday, Dec 31, 1997",381.850,1997-12-31 00:00:00,970.43,12-1997
"Wednesday, Dec 31, 2003",617.678,2003-12-31 00:00:00,1111.92,12-2003
"Wednesday, Dec 31, 2008",622.695,2008-12-31 00:00:00,903.25,12-2008
"Wednesday, Dec 31, 2014","1,478.564",2014-12-31 00:00:00,2058.9,12-2014
"Wednesday, Feb 28, 1990",87.378,1990-02-28 00:00:00,331.89,02-1990
"Wednesday, Feb 28, 2001",622.437,2001-02-28 00:00:00,1239.94,02-2001
"Wednesday, Feb 28, 2007",922.792,2007-02-28 00:00:00,1406.82,02-2007
"Wednesday, Feb 28, 2018","2,383.047",2018-02-28 00:00:00,2713.83,02-2018
"Wednesday, Feb 29, 2012",936.247,2012-02-29 00:00:00,1365.68,02-2012
"Wednesday, Jan 31, 1990",86.833,1990-01-31 00:00:00,329.08,01-1990
"Wednesday, Jan 31, 1996",231.673,1996-01-31 00:00:00,636.02,01-1996
"Wednesday, Jan 31, 2001",678.088,2001-01-31 00:00:00,1366.01,01-2001
"Wednesday, Jan 31, 2007",951.487,2007-01-31 00:00:00,1438.24,01-2007
"Wednesday, Jan 31, 2018","2,420.975",2018-01-31 00:00:00,2823.81,01-2018
"Wednesday, Jul 31, 1991",114.427,1991-07-31 00:00:00,387.81,07-1991
"Wednesday, Jul 31, 1996",241.335,1996-07-31 00:00:00,639.95,07-1996
"Wednesday, Jul 31, 2002",539.462,2002-07-31 00:00:00,911.62,07-2002
"Wednesday, Jul 31, 2013","1,181.781",2013-07-31 00:00:00,1685.73,07-2013
"Wednesday, Jul 31, 2019","2,625.105",2019-07-31 00:00:00,2980.38,07-2019
"Wednesday, Jun 30, 1993",151.267,1993-06-30 00:00:00,450.53,06-1993
"Wednesday, Jun 30, 1999",636.317,1999-06-30 00:00:00,1372.71,06-1999
"Wednesday, Jun 30, 2004",641.221,2004-06-30 00:00:00,1140.84,06-2004
"Wednesday, Jun 30, 2010",670.061,2010-06-30 00:00:00,1030.71,06-2010
"Wednesday, Mar 31, 1993",146.138,1993-03-31 00:00:00,451.67,03-1993
"Wednesday, Mar 31, 1999",604.576,1999-03-31 00:00:00,1286.37,03-1999
"Wednesday, Mar 31, 2004",636.950,2004-03-31 00:00:00,1126.21,03-2004
"Wednesday, Mar 31, 2010",758.090,2010-03-31 00:00:00,1169.43,03-2010
"Wednesday, May 31, 1995",187.201,1995-05-31 00:00:00,533.4,05-1995
"Wednesday, May 31, 2000",734.758,2000-05-31 00:00:00,1420.6,05-2000
"Wednesday, May 31, 2006",845.138,2006-05-31 00:00:00,1270.09,05-2006
"Wednesday, May 31, 2017","1,927.268",2017-05-31 00:00:00,2411.8,05-2017
"Wednesday, Nov 30, 1994",155.712,1994-11-30 00:00:00,453.69,11-1994
"Wednesday, Nov 30, 2005",824.394,2005-11-30 00:00:00,1249.48,11-2005
"Wednesday, Nov 30, 2011",867.694,2011-11-30 00:00:00,1246.96,11-2011
"Wednesday, Nov 30, 2016","1,633.211",2016-11-30 00:00:00,2198.81,11-2016
"Wednesday, Oct 31, 1990",88.957,1990-10-31 00:00:00,304,10-1990
"Wednesday, Oct 31, 2001",532.998,2001-10-31 00:00:00,1059.78,10-2001
"Wednesday, Oct 31, 2007","1,072.536",2007-10-31 00:00:00,1549.38,10-2007
"Wednesday, Oct 31, 2012",985.308,2012-10-31 00:00:00,1412.16,10-2012
"Wednesday, Oct 31, 2018","2,327.547",2018-10-31 00:00:00,2711.74,10-2018
"Wednesday, Sep 30, 1992",118.286,1992-09-30 00:00:00,417.8,09-1992
"Wednesday, Sep 30, 1998",432.802,1998-09-30 00:00:00,1017.01,09-1998
"Wednesday, Sep 30, 2009",677.885,2009-09-30 00:00:00,1057.08,09-2009
"Wednesday, Sep 30, 2015","1,483.868",2015-09-30 00:00:00,1920.03,09-2015